episode,reward,length,collision,coverage,total_collision,total_coverage
0,32.76731441169977,199,0,0.1468887213051475,0.0,0.1468887213051475
1,42.74159245938063,199,0,0.10456599556089935,0.0,0.2514547168660468
2,-80.69624422525521,179,1,0.1930913026054535,1.0,0.4445460194715003
